/api/v1/auth/register	post	auth	register_api_v1_auth_register_post
/api/v1/auth/login	post	auth	login_api_v1_auth_login_post
/api/v1/auth/refresh	post	auth	refresh_api_v1_auth_refresh_post
/api/v1/auth/logout	post	auth	logout_api_v1_auth_logout_post
/api/v1/auth/me	get	auth	me_api_v1_auth_me_get
/api/v1/auth/change-password	post	auth	change_password_api_v1_auth_change_password_post
/api/v1/auth/preferences	patch	auth	update_preferences_api_v1_auth_preferences_patch
/api/v1/workspaces	get	workspaces	list_workspaces_api_v1_workspaces_get
/api/v1/workspaces	post	workspaces	create_workspace_api_v1_workspaces_post
/api/v1/workspaces/{workspace_id}	get	workspaces	get_workspace_api_v1_workspaces__workspace_id__get
/api/v1/workspaces/{workspace_id}/members	post	workspaces	add_workspace_member_api_v1_workspaces__workspace_id__members_post
/api/v1/admin/me	get	admin	admin_me_api_v1_admin_me_get
/api/v1/admin/overview	get	admin	overview_api_v1_admin_overview_get
/api/v1/admin/users	get	admin	list_users_api_v1_admin_users_get
/api/v1/admin/users	post	admin-management	create_user_api_v1_admin_users_post
/api/v1/admin/users/{user_id}	get	admin	get_user_detail_api_v1_admin_users__user_id__get
/api/v1/admin/users/{user_id}	patch	admin-management	update_user_api_v1_admin_users__user_id__patch
/api/v1/admin/users/{user_id}	delete	admin-management	purge_user_api_v1_admin_users__user_id__delete
/api/v1/admin/documents	get	admin	list_documents_api_v1_admin_documents_get
/api/v1/admin/documents/{document_id}	get	admin	get_document_detail_api_v1_admin_documents__document_id__get
/api/v1/admin/documents/{document_id}	delete	admin-management	delete_document_api_v1_admin_documents__document_id__delete
/api/v1/admin/documents/{document_id}/artifacts	get	admin	list_document_artifacts_api_v1_admin_documents__document_id__artifacts_get
/api/v1/admin/documents/{document_id}/download-url	get	admin	get_document_download_url_api_v1_admin_documents__document_id__download_url_get
/api/v1/admin/artifacts/{artifact_id}/download-url	get	admin	get_artifact_download_url_api_v1_admin_artifacts__artifact_id__download_url_get
/api/v1/admin/tasks	get	admin	list_tasks_api_v1_admin_tasks_get
/api/v1/admin/tasks/{task_id}	get	admin	get_task_detail_api_v1_admin_tasks__task_id__get
/api/v1/admin/tasks/{task_id}/events	get	admin	get_task_events_api_v1_admin_tasks__task_id__events_get
/api/v1/admin/queues	get	admin	get_queues_api_v1_admin_queues_get
/api/v1/admin/services	get	admin	get_services_api_v1_admin_services_get
/api/v1/admin/users/{user_id}/reset-password	post	admin-management	reset_password_api_v1_admin_users__user_id__reset_password_post
/api/v1/admin/operations	get	admin-management	list_operations_api_v1_admin_operations_get
/api/v1/admin/operations/{operation_id}	get	admin-management	get_operation_api_v1_admin_operations__operation_id__get
/api/v1/admin/operations/{operation_id}/retry	post	admin-management	retry_operation_api_v1_admin_operations__operation_id__retry_post
/api/v1/admin/audit-logs	get	admin-management	list_audit_logs_api_v1_admin_audit_logs_get
/api/v1/admin/documents/{document_id}/process	post	admin-management	process_document_api_v1_admin_documents__document_id__process_post
/api/v1/admin/tasks/{task_id}/cancel	post	admin-management	cancel_task_api_v1_admin_tasks__task_id__cancel_post
/api/v1/admin/tasks/{task_id}/retry	post	admin-management	retry_task_api_v1_admin_tasks__task_id__retry_post
/api/v1/admin/learning-units	get	admin-management	list_learning_units_api_v1_admin_learning_units_get
/api/v1/admin/learning-units/{learning_unit_id}	patch	admin-management	update_learning_unit_api_v1_admin_learning_units__learning_unit_id__patch
/api/v1/admin/learning-units/{learning_unit_id}	delete	admin-management	delete_learning_unit_api_v1_admin_learning_units__learning_unit_id__delete
/api/v1/admin/learning-units/{learning_unit_id}/notes	get	admin-management	list_notes_api_v1_admin_learning_units__learning_unit_id__notes_get
/api/v1/admin/learning-units/{learning_unit_id}/notes/{base_version_id}/revisions	post	admin-management	revise_note_api_v1_admin_learning_units__learning_unit_id__notes__base_version_id__revisions_post
/api/v1/admin/learning-units/{learning_unit_id}/notes/regenerate	post	admin-management	regenerate_note_api_v1_admin_learning_units__learning_unit_id__notes_regenerate_post
/api/v1/admin/learning-units/{learning_unit_id}/flashcards	post	admin-management	generate_flashcards_api_v1_admin_learning_units__learning_unit_id__flashcards_post
/api/v1/admin/learning-units/{learning_unit_id}/flashcard-decks	get	admin-management	list_admin_flashcard_decks_api_v1_admin_learning_units__learning_unit_id__flashcard_decks_get
/api/v1/admin/flashcard-decks/{deck_id}	get	admin-management	get_admin_flashcard_deck_api_v1_admin_flashcard_decks__deck_id__get
/api/v1/admin/learning-units/{learning_unit_id}/highlight	post	admin-management	highlight_latest_note_api_v1_admin_learning_units__learning_unit_id__highlight_post
/api/v1/admin/notes/{note_version_id}	delete	admin-management	delete_note_api_v1_admin_notes__note_version_id__delete
/api/v1/admin/notes/{note_version_id}/content	get	admin-management	get_note_content_api_v1_admin_notes__note_version_id__content_get
/api/v1/admin/notes/{note_version_id}/download-url	get	admin-management	get_note_download_url_api_v1_admin_notes__note_version_id__download_url_get
/api/v1/admin/knowledge-chunks	get	admin-management	list_knowledge_chunks_api_v1_admin_knowledge_chunks_get
/api/v1/admin/knowledge/search	post	admin-management	search_knowledge_api_v1_admin_knowledge_search_post
/api/v1/admin/knowledge-chunks/{chunk_id}	delete	admin-management	delete_knowledge_chunk_api_v1_admin_knowledge_chunks__chunk_id__delete
/api/v1/admin/homeworks	get	admin-management	list_homeworks_api_v1_admin_homeworks_get
/api/v1/admin/homeworks	post	admin-management	create_homework_api_v1_admin_homeworks_post
/api/v1/admin/homeworks/{homework_id}	get	admin-management	get_homework_api_v1_admin_homeworks__homework_id__get
/api/v1/admin/homeworks/{homework_id}	delete	admin-management	delete_homework_api_v1_admin_homeworks__homework_id__delete
/api/v1/admin/homeworks/{homework_id}/grading-config	patch	admin-management	update_homework_config_api_v1_admin_homeworks__homework_id__grading_config_patch
/api/v1/admin/homeworks/{homework_id}/references	get	admin-management	list_references_api_v1_admin_homeworks__homework_id__references_get
/api/v1/admin/homeworks/{homework_id}/references	post	admin-management	add_reference_api_v1_admin_homeworks__homework_id__references_post
/api/v1/admin/homeworks/{homework_id}/references/{reference_id}	delete	admin-management	remove_reference_api_v1_admin_homeworks__homework_id__references__reference_id__delete
/api/v1/admin/homeworks/{homework_id}/grade	post	admin-management	grade_homework_api_v1_admin_homeworks__homework_id__grade_post
/api/v1/admin/mistakes	get	admin-management	list_mistakes_api_v1_admin_mistakes_get
/api/v1/admin/mistakes/{mistake_id}	patch	admin-management	update_mistake_api_v1_admin_mistakes__mistake_id__patch
/api/v1/admin/conversations	get	admin-management	list_conversations_api_v1_admin_conversations_get
/api/v1/admin/conversations/{conversation_id}/messages	get	admin-management	list_messages_api_v1_admin_conversations__conversation_id__messages_get
/api/v1/admin/conversations/{conversation_id}	delete	admin-management	delete_conversation_api_v1_admin_conversations__conversation_id__delete
/api/v1/workspaces/{workspace_id}/documents/upload-session	post	documents	create_upload_session_api_v1_workspaces__workspace_id__documents_upload_session_post
/api/v1/workspaces/{workspace_id}/documents/complete-upload	post	documents	complete_upload_api_v1_workspaces__workspace_id__documents_complete_upload_post
/api/v1/workspaces/{workspace_id}/documents	get	documents	list_documents_api_v1_workspaces__workspace_id__documents_get
/api/v1/workspaces/{workspace_id}/documents/{document_id}	get	documents	get_document_api_v1_workspaces__workspace_id__documents__document_id__get
/api/v1/workspaces/{workspace_id}/documents/{document_id}	delete	documents	delete_document_api_v1_workspaces__workspace_id__documents__document_id__delete
/api/v1/workspaces/{workspace_id}/documents/{document_id}/download-url	get	documents	get_download_url_api_v1_workspaces__workspace_id__documents__document_id__download_url_get
/api/v1/workspaces/{workspace_id}/documents/{document_id}/ocr	get	documents	get_document_ocr_artifacts_api_v1_workspaces__workspace_id__documents__document_id__ocr_get
/api/v1/workspaces/{workspace_id}/documents/{document_id}/process	post	documents	process_document_api_v1_workspaces__workspace_id__documents__document_id__process_post
/api/v1/workspaces/{workspace_id}/documents/{document_id}/artifacts	post	artifacts	create_artifact_api_v1_workspaces__workspace_id__documents__document_id__artifacts_post
/api/v1/workspaces/{workspace_id}/documents/{document_id}/artifacts	get	artifacts	list_artifacts_api_v1_workspaces__workspace_id__documents__document_id__artifacts_get
/api/v1/workspaces/{workspace_id}/documents/{document_id}/artifacts/{artifact_id}/download-url	get	artifacts	get_artifact_download_url_api_v1_workspaces__workspace_id__documents__document_id__artifacts__artifact_id__download_url_get
/api/v1/workspaces/{workspace_id}/tasks/{task_id}	get	tasks	get_task_api_v1_workspaces__workspace_id__tasks__task_id__get
/api/v1/workspaces/{workspace_id}/tasks/{task_id}/events	get	tasks	get_task_events_api_v1_workspaces__workspace_id__tasks__task_id__events_get
/api/v1/workspaces/{workspace_id}/tasks/{task_id}/events/stream	get	tasks	stream_task_events_api_v1_workspaces__workspace_id__tasks__task_id__events_stream_get
/api/v1/assets/note-themes/notepatch-paper-v1.css	get	assets	note_theme_api_v1_assets_note_themes_notepatch_paper_v1_css_get
/api/v1/assets/study-notes/render	get	assets	render_study_note_api_v1_assets_study_notes_render_get
/api/v1/workspaces/{workspace_id}/homeworks	get	homeworks	list_homeworks_api_v1_workspaces__workspace_id__homeworks_get
/api/v1/workspaces/{workspace_id}/homeworks	post	homeworks	create_homework_api_v1_workspaces__workspace_id__homeworks_post
/api/v1/workspaces/{workspace_id}/homeworks/{homework_id}	get	homeworks	get_homework_api_v1_workspaces__workspace_id__homeworks__homework_id__get
/api/v1/workspaces/{workspace_id}/homeworks/{homework_id}/grading-config	patch	homeworks	update_grading_config_api_v1_workspaces__workspace_id__homeworks__homework_id__grading_config_patch
/api/v1/workspaces/{workspace_id}/homeworks/{homework_id}/references	get	homeworks	list_homework_references_api_v1_workspaces__workspace_id__homeworks__homework_id__references_get
/api/v1/workspaces/{workspace_id}/homeworks/{homework_id}/references	post	homeworks	add_homework_reference_api_v1_workspaces__workspace_id__homeworks__homework_id__references_post
/api/v1/workspaces/{workspace_id}/homeworks/{homework_id}/references/{reference_id}	delete	homeworks	delete_homework_reference_api_v1_workspaces__workspace_id__homeworks__homework_id__references__reference_id__delete
/api/v1/workspaces/{workspace_id}/homeworks/{homework_id}/grade	post	homeworks	grade_homework_api_v1_workspaces__workspace_id__homeworks__homework_id__grade_post
/api/v1/workspaces/{workspace_id}/learning-units	get	learning	list_learning_units_api_v1_workspaces__workspace_id__learning_units_get
/api/v1/workspaces/{workspace_id}/learning-units/{learning_unit_id}	get	learning	get_learning_unit_api_v1_workspaces__workspace_id__learning_units__learning_unit_id__get
/api/v1/workspaces/{workspace_id}/learning-units/{learning_unit_id}/knowledge-chunks	get	learning	list_learning_unit_knowledge_chunks_api_v1_workspaces__workspace_id__learning_units__learning_unit_id__knowledge_chunks_get
/api/v1/workspaces/{workspace_id}/learning-units/{learning_unit_id}/notes	get	learning	list_study_notes_api_v1_workspaces__workspace_id__learning_units__learning_unit_id__notes_get
/api/v1/workspaces/{workspace_id}/learning-units/{learning_unit_id}/notes/{note_version_id}/download-url	get	learning	get_study_note_download_url_api_v1_workspaces__workspace_id__learning_units__learning_unit_id__notes__note_version_id__download_url_get
/api/v1/workspaces/{workspace_id}/learning-units/{learning_unit_id}/notes/{base_version_id}/revisions	post	learning	create_study_note_revision_api_v1_workspaces__workspace_id__learning_units__learning_unit_id__notes__base_version_id__revisions_post
/api/v1/workspaces/{workspace_id}/learning-units/{learning_unit_id}/flashcard-decks	get	learning	list_flashcard_decks_api_v1_workspaces__workspace_id__learning_units__learning_unit_id__flashcard_decks_get
/api/v1/workspaces/{workspace_id}/learning-units/{learning_unit_id}/flashcard-decks/latest	get	learning	get_latest_flashcard_deck_api_v1_workspaces__workspace_id__learning_units__learning_unit_id__flashcard_decks_latest_get
/api/v1/workspaces/{workspace_id}/learning-units/{learning_unit_id}/flashcard-decks/{deck_id}	get	learning	get_flashcard_deck_api_v1_workspaces__workspace_id__learning_units__learning_unit_id__flashcard_decks__deck_id__get
/api/v1/workspaces/{workspace_id}/learning-units/{target_learning_unit_id}/merge	post	learning	merge_learning_units_api_v1_workspaces__workspace_id__learning_units__target_learning_unit_id__merge_post
/api/v1/workspaces/{workspace_id}/knowledge/search	post	knowledge	search_knowledge_api_v1_workspaces__workspace_id__knowledge_search_post
/api/v1/workspaces/{workspace_id}/mistakes	get	mistakes	list_mistakes_api_v1_workspaces__workspace_id__mistakes_get
/api/v1/workspaces/{workspace_id}/mistakes/{mistake_id}	patch	mistakes	update_mistake_api_v1_workspaces__workspace_id__mistakes__mistake_id__patch
/api/v1/workspaces/{workspace_id}/ai/models	get	ai	list_ai_models_api_v1_workspaces__workspace_id__ai_models_get
/api/v1/workspaces/{workspace_id}/ai/model	put	ai	select_ai_model_api_v1_workspaces__workspace_id__ai_model_put
/api/v1/workspaces/{workspace_id}/ai/chat	post	ai	chat_api_v1_workspaces__workspace_id__ai_chat_post
/api/v1/workspaces/{workspace_id}/ai/conversations	get	ai	list_conversations_api_v1_workspaces__workspace_id__ai_conversations_get
/api/v1/workspaces/{workspace_id}/ai/conversations/{conversation_id}	get	ai	get_conversation_api_v1_workspaces__workspace_id__ai_conversations__conversation_id__get
/api/v1/workspaces/{workspace_id}/ai/conversations/{conversation_id}	patch	ai	rename_conversation_api_v1_workspaces__workspace_id__ai_conversations__conversation_id__patch
/api/v1/workspaces/{workspace_id}/ai/conversations/{conversation_id}	delete	ai	delete_conversation_api_v1_workspaces__workspace_id__ai_conversations__conversation_id__delete
/api/v1/workspaces/{workspace_id}/ai/conversations/{conversation_id}/messages	get	ai	list_messages_api_v1_workspaces__workspace_id__ai_conversations__conversation_id__messages_get
/api/v1/workspaces/{workspace_id}/ai/generate-flashcards	post	ai	generate_flashcards_api_v1_workspaces__workspace_id__ai_generate_flashcards_post
/api/v1/presence/heartbeat	post	presence	heartbeat_api_v1_presence_heartbeat_post
/api/v1/presence/offline	post	presence	offline_api_v1_presence_offline_post
/api/v1/webhooks/tusd	post	webhooks	tusd_webhook_api_v1_webhooks_tusd_post
/health	get	untagged	health_health_get
