id	task_type	status	attempt	elapsed_seconds	resource_type	resource_id	error	created_at	finished_at
eaced040-3665-481f-9288-ba55f3828bf0	scan_document	succeeded	1	0.123	document	7c378a81-f216-422f-94a7-96608fd43fba		2026-08-13 12:10:38.453032+00	2026-08-13 12:10:38.576513+00
c51c50d0-d7e3-459a-be09-6d3cee5f1739	scan_document	succeeded	1	0.118	document	f19fe110-697b-44d0-ba1e-046b5654d57f		2026-08-13 12:10:38.526113+00	2026-08-13 12:10:38.644274+00
00e8d6fb-f29b-409b-93c2-f344a6b5632a	document_processing_pipeline	succeeded	1	17.336	document	7c378a81-f216-422f-94a7-96608fd43fba		2026-08-13 12:10:38.572822+00	2026-08-13 12:10:55.908735+00
42d6ee02-bdd8-4565-8c64-7242b2d3d9a1	scan_document	succeeded	1	0.127	document	2d4593cc-051f-444e-9ed5-143df11a343d		2026-08-13 12:10:38.631506+00	2026-08-13 12:10:38.758024+00
d1c0203e-28e7-4f57-833a-c1e9ee7fca31	document_processing_pipeline	succeeded	1	70.176	document	f19fe110-697b-44d0-ba1e-046b5654d57f		2026-08-13 12:10:38.641625+00	2026-08-13 12:11:48.81744+00
e78fd789-f4e9-46b9-9679-785c88fdd07b	scan_document	succeeded	1	0.285	document	f09217d5-a40c-4a96-8d2c-c89f699ff0a2		2026-08-13 12:10:38.681038+00	2026-08-13 12:10:38.965762+00
83a74bc7-d6d2-401e-b1dd-940a4b1daa26	scan_document	succeeded	1	0.080	document	abc81562-7bda-4dbd-9381-fd12a930a9ab		2026-08-13 12:10:38.736116+00	2026-08-13 12:10:38.816566+00
4ac73e70-ebb0-43be-aceb-b72b1a2b8a5e	document_processing_pipeline	succeeded	1	57.307	document	2d4593cc-051f-444e-9ed5-143df11a343d		2026-08-13 12:10:38.755351+00	2026-08-13 12:11:36.061996+00
ad378ca3-91e6-4f70-a7f1-0bdaa1de7ac2	scan_document	failed	1	0.084	document	620605b2-1cff-4bf0-942f-d22129a4ade4	Detected MIME type is not allowed: text/plain	2026-08-13 12:10:38.790239+00	2026-08-13 12:10:38.874651+00
3f8c9653-bb58-44e6-9f07-6a8f176bdcf2	document_processing_pipeline	succeeded	1	44.652	document	abc81562-7bda-4dbd-9381-fd12a930a9ab		2026-08-13 12:10:38.812798+00	2026-08-13 12:11:23.464646+00
4ae62aad-5732-4895-ac70-842f5a93ab20	scan_document	failed	1	0.067	document	4b4d5cad-5470-46a3-bb78-03ff7ef08396	Declared MIME type application/pdf does not match detected MIME type image/png	2026-08-13 12:10:38.854617+00	2026-08-13 12:10:38.921349+00
440998d1-19ef-4d23-b992-445053993804	document_processing_pipeline	succeeded	1	30.609	document	f09217d5-a40c-4a96-8d2c-c89f699ff0a2		2026-08-13 12:10:38.961336+00	2026-08-13 12:11:09.570721+00
b518cae6-b7b5-4894-a0c1-93b931530101	build_knowledge_base	succeeded	2	148.935	document	7c378a81-f216-422f-94a7-96608fd43fba		2026-08-13 12:10:55.902686+00	2026-08-13 12:13:24.837828+00
b7d90d07-1003-44aa-9fd6-951ca8303ad1	extract_questions	succeeded	2	202.782	document	f09217d5-a40c-4a96-8d2c-c89f699ff0a2		2026-08-13 12:11:09.565655+00	2026-08-13 12:14:32.347962+00
403c5b1a-e3c4-4aec-97fd-fc2b2313141c	build_knowledge_base	succeeded	1	327.024	document	2d4593cc-051f-444e-9ed5-143df11a343d		2026-08-13 12:11:36.057152+00	2026-08-13 12:17:03.081634+00
8e3629a5-bfc2-4504-b79c-31d640b72c4c	build_knowledge_base	succeeded	1	280.972	document	f19fe110-697b-44d0-ba1e-046b5654d57f		2026-08-13 12:11:48.81114+00	2026-08-13 12:16:29.783222+00
86e53b46-6fe3-407f-97b0-457ae857970d	scan_document	succeeded	1	177.452	document	4aae82ca-6838-4529-987b-29befc2c08d5		2026-08-13 12:12:57.119638+00	2026-08-13 12:15:54.571274+00
18820484-d90b-4cf4-8180-806e061f7ff4	generate_study_notes	succeeded	1	397.194	learning_unit	0b796416-b4da-43f3-855f-700cfcd4c8c8		2026-08-13 12:13:24.832136+00	2026-08-13 12:20:02.025936+00
1be04cdc-8dee-4a15-b0f5-4a580d0d3d50	grade_homework	succeeded	1	82.171	homework	10d09d86-52c7-485c-ac25-f48b4c2690cc		2026-08-13 12:14:32.341127+00	2026-08-13 12:15:54.512223+00
132fedba-8ec6-49be-bbe8-7ea5ad4a8390	document_processing_pipeline	succeeded	1	11.086	document	4aae82ca-6838-4529-987b-29befc2c08d5		2026-08-13 12:15:54.566451+00	2026-08-13 12:16:05.652918+00
39c66353-0709-4b43-a994-07b0d63283cc	build_knowledge_base	failed	1	24.167	document	4aae82ca-6838-4529-987b-29befc2c08d5	Document 4aae82ca-6838-4529-987b-29befc2c08d5 has no usable OCR text	2026-08-13 12:16:05.646311+00	2026-08-13 12:16:29.812868+00
47a2f963-3797-4f85-af6b-f16faa398505	generate_study_notes	succeeded	1	695.290	learning_unit	4fab8a47-5f46-4fce-8261-237a408a7405		2026-08-13 12:16:29.778666+00	2026-08-13 12:28:05.069095+00
7e8d5c21-4eeb-434a-9b31-b749a9bdc5eb	scan_document	failed	1	0.986	document	68880b86-0194-4354-9d81-b36a65478ded	Malware detected: Eicar-Test-Signature	2026-08-13 12:17:02.141857+00	2026-08-13 12:17:03.128132+00
8c6670dd-06a3-4641-aa19-e4ee6b5ed929	generate_study_notes	succeeded	1	398.996	learning_unit	bfa2906d-b1b9-4115-a615-b96fa2e46e7d		2026-08-13 12:17:03.077288+00	2026-08-13 12:23:42.073338+00
72005bd0-90bb-44cc-8ae5-35ed87910928	document_processing_pipeline	succeeded	1	16.348	document	7c378a81-f216-422f-94a7-96608fd43fba		2026-08-13 12:19:22.520161+00	2026-08-13 12:19:38.868147+00
b396c814-7226-4acd-a6e7-229dc6031d1a	document_processing_pipeline	succeeded	1	28.819	document	f19fe110-697b-44d0-ba1e-046b5654d57f		2026-08-13 12:19:22.561853+00	2026-08-13 12:19:51.380798+00
01c364cf-faee-47d6-be19-97c098518bec	build_knowledge_base	succeeded	1	166.725	document	7c378a81-f216-422f-94a7-96608fd43fba		2026-08-13 12:19:38.856772+00	2026-08-13 12:22:25.581428+00
07c1ff9d-0e65-4fd9-a260-8e0dbf1f2a78	build_knowledge_base	succeeded	1	122.339	document	f19fe110-697b-44d0-ba1e-046b5654d57f		2026-08-13 12:19:51.371502+00	2026-08-13 12:21:53.710891+00
598e353f-7b97-49c8-a356-ad79dabcea07	generate_flashcards	succeeded	1	64.804	learning_unit	0b796416-b4da-43f3-855f-700cfcd4c8c8		2026-08-13 12:20:02.019033+00	2026-08-13 12:21:06.823345+00
18940866-ef76-4a00-9ef5-295e7afb1282	generate_study_notes	succeeded	1	447.144	learning_unit	0b796416-b4da-43f3-855f-700cfcd4c8c8		2026-08-13 12:22:25.576878+00	2026-08-13 12:29:52.721372+00
eef8c82b-b7bd-45b2-9d32-75d7ff2d0652	generate_flashcards	failed	1	29.586	learning_unit	bfa2906d-b1b9-4115-a615-b96fa2e46e7d	Flashcards contain duplicate or unknown knowledge point ids	2026-08-13 12:23:42.066556+00	2026-08-13 12:24:11.652814+00
4d3e3a43-3278-4e31-b4a9-919b35e0a812	generate_flashcards	failed	1	205.675	learning_unit	4fab8a47-5f46-4fce-8261-237a408a7405	Flashcards contain duplicate or unknown knowledge point ids	2026-08-13 12:28:05.061626+00	2026-08-13 12:31:30.737048+00
7d60de1c-c0db-449e-afab-17fd52456ecf	generate_flashcards	succeeded	1	62.042	learning_unit	0b796416-b4da-43f3-855f-700cfcd4c8c8		2026-08-13 12:29:52.713882+00	2026-08-13 12:30:54.756042+00
98e1096a-ee6d-4419-b580-9dea894770e5	grade_homework	succeeded	2	133.252	homework	10d09d86-52c7-485c-ac25-f48b4c2690cc		2026-08-13 12:32:04.099391+00	2026-08-13 12:34:17.351326+00
1255fe3f-784d-420a-b078-3d49f91bd3bc	generate_flashcards	cancelled	1	35.560	learning_unit	0b796416-b4da-43f3-855f-700cfcd4c8c8	OpenClaw gateway was not ready at http://notepatch-openclaw-c70fa289-6e61-456a-9454-858a96a8f8de:18789/healthz: [Errno 111] Connection refused	2026-08-13 12:36:23.09026+00	2026-08-13 12:36:58.649871+00
a1d386cd-c733-4b42-9f97-bd76e3708dec	merge_learning_units	succeeded	1	0.147	learning_unit	0b796416-b4da-43f3-855f-700cfcd4c8c8		2026-08-13 12:36:58.561904+00	2026-08-13 12:36:58.709208+00
db618c75-646a-4b21-a49b-e880300d319d	document_processing_pipeline	succeeded	1	13.103	document	7c378a81-f216-422f-94a7-96608fd43fba		2026-08-13 12:36:58.699958+00	2026-08-13 12:37:11.802461+00
97f48ff0-dbe4-44a5-8ba2-2e4c93bea540	document_processing_pipeline	succeeded	1	26.226	document	f09217d5-a40c-4a96-8d2c-c89f699ff0a2		2026-08-13 12:36:58.704753+00	2026-08-13 12:37:24.930748+00
3f2a0350-0307-4b8d-907c-7563753bbc39	build_knowledge_base	succeeded	2	97.715	document	7c378a81-f216-422f-94a7-96608fd43fba		2026-08-13 12:37:11.796701+00	2026-08-13 12:38:49.511557+00
d58ef225-663b-466e-85bc-a2003e79b8b7	extract_questions	succeeded	2	147.638	document	f09217d5-a40c-4a96-8d2c-c89f699ff0a2		2026-08-13 12:37:24.925228+00	2026-08-13 12:39:52.562841+00
e17ea0c3-156e-4fec-bb4e-13b7490a6e31	openclaw_agent_run	succeeded	1	226.575	chat_conversation	0c4654ec-e80e-4d9d-bafe-ee7efba9048e		2026-08-13 12:38:39.521882+00	2026-08-13 12:42:26.097281+00
25fa12ca-5d20-47d4-9718-8c17b0134f94	generate_study_notes	failed	3	680.896	learning_unit	0b796416-b4da-43f3-855f-700cfcd4c8c8	OpenClaw gateway request timed out: http://notepatch-openclaw-c70fa289-6e61-456a-9454-858a96a8f8de:18789/v1/chat/completions	2026-08-13 12:38:49.500758+00	2026-08-13 12:50:10.396477+00
2e73f1ea-ff0a-49be-adac-46fb1384bc64	grade_homework	succeeded	1	86.038	homework	10d09d86-52c7-485c-ac25-f48b4c2690cc		2026-08-13 12:39:52.555523+00	2026-08-13 12:41:18.593131+00
f3ec9940-df85-4dd8-b6ca-0a5c9df5e812	openclaw_agent_run	succeeded	1	9.704	chat_conversation	0c4654ec-e80e-4d9d-bafe-ee7efba9048e		2026-08-13 12:43:02.830073+00	2026-08-13 12:43:12.533944+00
c25152f0-5f15-4e1e-b1b1-fb3d847a8298	generate_study_notes	succeeded	2	119.810	learning_unit	0b796416-b4da-43f3-855f-700cfcd4c8c8		2026-08-13 12:59:20.294474+00	2026-08-13 13:01:20.104943+00
57caeac1-fb0b-4a67-a2cf-f05ca5989a79	generate_flashcards	succeeded	1	31.101	learning_unit	0b796416-b4da-43f3-855f-700cfcd4c8c8		2026-08-13 13:01:20.098999+00	2026-08-13 13:01:51.200423+00
d1f58d2e-af87-4630-8217-f5e899d245d6	document_processing_pipeline	succeeded	1	16.913	document	7c378a81-f216-422f-94a7-96608fd43fba		2026-08-13 13:07:42.47895+00	2026-08-13 13:07:59.391923+00
ad99a8be-5b7e-4299-bc37-3d41ef428199	build_knowledge_base	succeeded	2	183.604	document	7c378a81-f216-422f-94a7-96608fd43fba		2026-08-13 13:07:59.386227+00	2026-08-13 13:11:02.989879+00
3ebe8fa3-8c78-4908-96c8-b2dca2a7c62c	document_processing_pipeline	succeeded	1	1.882	document	7c378a81-f216-422f-94a7-96608fd43fba		2026-08-13 13:08:12.127479+00	2026-08-13 13:08:14.009434+00
10fdf443-a4c0-43dd-9ce4-01aeee8353aa	build_knowledge_base	succeeded	1	76.305	document	7c378a81-f216-422f-94a7-96608fd43fba		2026-08-13 13:08:14.002374+00	2026-08-13 13:09:30.307526+00
79cf7395-c1fe-43b8-87fa-60b056018ff6	generate_study_notes	succeeded	1	478.886	learning_unit	0b796416-b4da-43f3-855f-700cfcd4c8c8		2026-08-13 13:09:30.301593+00	2026-08-13 13:17:29.187559+00
4847e7ef-d8d5-456c-9cbc-f7a4b048b88d	openclaw_agent_run	succeeded	1	19.564	chat_conversation	0c4654ec-e80e-4d9d-bafe-ee7efba9048e		2026-08-13 13:11:44.299261+00	2026-08-13 13:12:03.863165+00
a122665c-ad54-456a-8205-7932eb1e0e1a	generate_flashcards	succeeded	2	670.893	learning_unit	0b796416-b4da-43f3-855f-700cfcd4c8c8		2026-08-13 13:17:29.18006+00	2026-08-13 13:28:40.072806+00
1bbeda0a-0f8c-49d1-b1f6-69655a9af603	highlight_study_notes	succeeded	1	150.625	learning_unit	0b796416-b4da-43f3-855f-700cfcd4c8c8		2026-08-13 13:21:42.336946+00	2026-08-13 13:24:12.961466+00
51b039ac-1e6f-4d1c-b251-d1749eb6baa2	generate_flashcards	succeeded	1	69.652	learning_unit	0b796416-b4da-43f3-855f-700cfcd4c8c8		2026-08-13 13:28:40.068992+00	2026-08-13 13:29:49.720973+00
80868e31-36d8-4690-838c-36f99cb2255a	highlight_study_notes	succeeded	1	120.827	learning_unit	0b796416-b4da-43f3-855f-700cfcd4c8c8		2026-08-13 13:29:37.007225+00	2026-08-13 13:31:37.834404+00
(56 rows)
